{
  "pack_id": "CactiCanyon",
  "name": "resourcePack.cacticanyon.name",
  "description": "resourcePack.cacticanyon.description",
  "resources": {
    "models": {
      "mob.models": "models/mobs.json",
      "mob.models_new": "../../animation/new_characters.json"
    },
    "textures": {
      "atlas.compass": "images/compass-atlas.png",
      "atlas.fire": "images/fire_atlas.png",
      "atlas.swosh": "images/swosh_atlas2.png",
      "atlas.lava.still": "images/lava_still.png",
      "atlas.lava.flow": "images/lava_flow.png",
      "atlas.circle": "images/big_fat_circle.png",
      "atlas.particles": "images/particles.png",
      "atlas.portal": "images/portal.png",
      "atlas.water.still": "images/water_still.png",
      "atlas.water.flow": "images/water_flow.png",
      "atlas.water.cauldron": "images/cauldron_still.png",
      "atlas.watch": "images/watch-atlas.png",
      "armor.chain_1": "images/armor/chain_1.png",
      "armor.chain_2": "images/armor/chain_2.png",
      "armor.diamond_1": "images/armor/diamond_1.png",
      "armor.diamond_2": "images/armor/diamond_2.png",
      "armor.gold_1": "images/armor/gold_1.png",
      "armor.gold_2": "images/armor/gold_2.png",
      "armor.iron_1": "images/armor/iron_1.png",
      "armor.iron_2": "images/armor/iron_2.png",
      "armor.leather_1": "images/armor/leather_1.png",
      "armor.leather_2": "images/armor/leather_2.png",
      "item.art": "images/art/kz.png",
      "enchanting_table.book": "images/entity/enchanting_table_book.png",
      "enchanting_table.book_shadow": "images/entity/enchanting_table_book_shadow.png",
      "experience_orb": "images/entity/experience_orb.png",
      "entity.fireball": "images/items/fireball.png",
      "entity.swosh": "images/swosh_atlas2.png",
      "entity.fishhook": "images/entity/fishhook.png",
      "entity.minecart": "images/entity/minecart.png",
      "entity.boat.acacia": "images/entity/boat/boat_acacia.png",
      "entity.boat.birch": "images/entity/boat/boat_birch.png",
      "entity.boat.darkoak": "images/entity/boat/boat_darkoak.png",
      "entity.boat.jungle": "images/entity/boat/boat_jungle.png",
      "entity.boat.oak": "images/entity/boat/boat_oak.png",
      "entity.boat.spruce": "images/entity/boat/boat_spruce.png",
      "entity.piston.arm": "images/entity/pistonarm/pistonArm.png",
      "entity.piston.arm.sticky": "images/entity/pistonarm/pistonArmSticky.png",
      "sky.clouds": "images/environment/clouds.png",
      "destroy.stage0": "images/environment/destroy_stage_0.png",
      "destroy.stage1": "images/environment/destroy_stage_1.png",
      "destroy.stage2": "images/environment/destroy_stage_2.png",
      "destroy.stage3": "images/environment/destroy_stage_3.png",
      "destroy.stage4": "images/environment/destroy_stage_4.png",
      "destroy.stage5": "images/environment/destroy_stage_5.png",
      "destroy.stage6": "images/environment/destroy_stage_6.png",
      "destroy.stage7": "images/environment/destroy_stage_7.png",
      "destroy.stage8": "images/environment/destroy_stage_8.png",
      "destroy.stage9": "images/environment/destroy_stage_9.png",
      "sky.moon": "images/environment/moon_phases.png",
      "sky.rain": "images/environment/rain.png",
      "sky.snow": "images/environment/snow.png",
      "sky.sun": "images/environment/sun.png",
      "sky.weather": "images/environment/weather.png",
      "entity.arrow": "images/item/arrows.png",
	  "entity.lead.knot": "images/entity/lead_knot.png",
	  "entity.lead.rope": "images/entity/lead_rope.png",
      "item.screenshot_frame": "images/item/screenshot_frame.png",
      "entity.sign": "images/item/sign.png",
      "item.camera": "images/items/camera.png",
      "item.chest.double": "images/item/chest/double_normal.png",
      "item.chest": "images/item/chest/normal.png",
      "item.chest.trapped": "images/item/chest/trapped.png",
      "item.chest.trapped.double": "images/item/chest/trapped_double.png",
      "item.map.background": "images/map/map_background.png",
      "item.map.icons": "images/map/map_icons.png",
      "item.glint": "images/misc/enchanted_item_glint.png",
      "gui.pumpkinblur": "images/misc/pumpkinblur.png",
      "mob.alex": "images/mob/alex.png",
      "mob.bat": "images/mob/bat.png",
      "mob.blaze": "images/mob/blaze.png",
      "mob.spider.cave": "images/mob/cave_spider.png",
      "mob.spider.web": "images/mob/web_spider.png",
      "mob.chicken": "images/mob/chicken.png",
      "mob.cow": "images/mob/cow.png",
      "mob.creeper": "images/mob/creeper.png",
      "mob.creeper.armor": "images/mob/creeper_armor.png",
      "mob.dummy":  "images/mob/dummy.png",
      "mob.enderman": "images/mob/enderman.png",
      "mob.ghast": "images/mob/ghast.png",
      "mob.ghast.shooting": "images/mob/ghast_shooting.png",
      "mob.horse.brown": "images/mob/horse/horse_brown.png",
      "mob.horse.black": "images/mob/horse/horse_black.png",
      "mob.horse.chestnut": "images/mob/horse/horse_chestnut.png",
      "mob.horse.creamy": "images/mob/horse/horse_creamy.png",
      "mob.horse.darkbrown": "images/mob/horse/horse_darkbrown.png",
      "mob.horse.gray": "images/mob/horse/horse_gray.png",
      "mob.horse.white": "images/mob/horse/horse_white.png",
      "mob.horse.donkey": "images/mob/horse/donkey.png",
      "mob.horse.mule": "images/mob/horse/mule.png",
      "mob.horse.skeleton": "images/mob/horse/horse_skeleton.png",
      "mob.horse.zombie": "images/mob/horse/horse_zombie.png",
      "mob.horse.markings.none": "images/mob/horse/horse_markings_none.png",
      "mob.horse.markings.blackdots": "images/mob/horse/horse_markings_blackdots.png",
      "mob.horse.markings.white": "images/mob/horse/horse_markings_white.png",
      "mob.horse.markings.whitedots": "images/mob/horse/horse_markings_whitedots.png",
      "mob.horse.markings.whitefield": "images/mob/horse/horse_markings_whitefield.png",
      "mob.horse.armor.none": "images/mob/horse/armor/horse_armor_none.png",
      "mob.horse.armor.diamond": "images/mob/horse/armor/horse_armor_diamond.png",
      "mob.horse.armor.gold": "images/mob/horse/armor/horse_armor_gold.png",
      "mob.horse.armor.iron": "images/mob/horse/armor/horse_armor_iron.png",
      "mob.horse.armor.leather": "images/mob/horse/armor/horse_armor_leather.png",
      "mob.iron_golem": "images/mob/iron_golem.png",
      "mob.slime.lava": "images/mob/magmacube.png",
      "mob.cow.mooshroom": "images/mob/mooshroom.png",
      "mob.pig": "images/mob/pig.png",
      "mob.pig.saddled": "images/mob/pig_saddle.png",
      "mob.zombie.pig": "images/mob/pigzombie.png",
      "mob.saddle": "images/mob/saddle.png",
      "mob.sheep": "images/mob/sheep.png",
      "mob.silverfish": "images/mob/silverfish.png",
      "mob.skeleton": "images/mob/skeleton.png",
      "mob.slime": "images/mob/slime.png",
      "mob.snow_golem": "images/mob/snow_golem.png",
      "mob.spider": "images/mob/spider.png",
      "mob.squid": "images/mob/squid.png",
      "mob.steve": "images/mob/steve.png",
      "mob.witch": "images/mob/witch.png",
      "mob.skeleton.wither": "images/mob/wither_skeleton.png",
      "mob.wolf": "images/mob/wolf.png",
      "mob.wolf.angry": "images/mob/wolf_angry.png",
      "mob.wolf.tame": "images/mob/wolf_tame.png",
      "mob.zombie": "images/mob/zombie.png",
      "mob.cat.black": "images/mob/cat/blackcat.png",
      "mob.cat.ocelot": "images/mob/cat/ocelot.png",
      "mob.cat.red": "images/mob/cat/red.png",
      "mob.cat.siamese": "images/mob/cat/siamese.png",
      "mob.rabbit.black": "images/mob/rabbit/blackrabbit.png",
      "mob.rabbit.brown": "images/mob/rabbit/brown.png",
      "mob.rabbit.gold": "images/mob/rabbit/gold.png",
      "mob.rabbit.salt": "images/mob/rabbit/salt.png",
      "mob.rabbit.toast": "images/mob/rabbit/toast.png",
      "mob.rabbit.white": "images/mob/rabbit/white.png",
      "mob.rabbit.white_splotched": "images/mob/rabbit/white_splotched.png",
      "mob.villager.butcher": "images/mob/villager/butcher.png",
      "mob.villager.farmer": "images/mob/villager/farmer.png",
      "mob.villager.librarian": "images/mob/villager/librarian.png",
      "mob.villager.priest": "images/mob/villager/priest.png",
      "mob.villager.smith": "images/mob/villager/smith.png",
      "mob.zombie.villager.butcher": "images/mob/zombie_villager/zombie_butcher.png",
      "mob.zombie.villager.farmer": "images/mob/zombie_villager/zombie_farmer.png",
      "mob.zombie.villager.librarian": "images/mob/zombie_villager/zombie_librarian.png",
      "mob.zombie.villager.priest": "images/mob/zombie_villager/zombie_priest.png",
      "mob.zombie.villager.smith": "images/mob/zombie_villager/zombie_smith.png",
      "mob.husk": "images/mob/husk.png",
      "mob.stray": "images/mob/stray.png",
      "mob.stray.overlay": "images/mob/stray_overlay.png",
      "block.anvil.base": "images/blocks/anvil_base.png",
      "block.anvil.top.damaged.0": "images/blocks/anvil_top_damaged_0.png",
      "block.anvil.top.damaged.1": "images/blocks/anvil_top_damaged_1.png",
      "block.anvil.top.damaged.2": "images/blocks/anvil_top_damaged_2.png",
	  "block.transparent": "images/blocks/transparent.png",
      "block.beacon": "images/blocks/beacon.png",
      "block.bedrock": "images/blocks/bedrock.png",
      "block.bed.feet.end": "images/blocks/bed_feet_end.png",
      "block.bed.feet.side": "images/blocks/bed_feet_side.png",
      "block.bed.feet.top": "images/blocks/bed_feet_top.png",
      "block.bed.head.end": "images/blocks/bed_head_end.png",
      "block.bed.head.side": "images/blocks/bed_head_side.png",
      "block.bed.head.top": "images/blocks/bed_head_top.png",
      "block.beetroot.stage.0": "images/blocks/beetroot_stage_0.png",
      "block.beetroot.stage.1": "images/blocks/beetroot_stage_1.png",
      "block.beetroot.stage.2": "images/blocks/beetroot_stage_2.png",
      "block.beetroot.stage.3": "images/blocks/beetroot_stage_3.png",
      "block.bookshelf": "images/blocks/bookshelf.png",
      "block.brewing.stand": "images/blocks/brewing_stand.png",
      "block.brewing.stand.base": "images/blocks/brewing_stand_base.png",
      "block.brick": "images/blocks/brick.png",
      "block.build.allow": "images/blocks/build_allow.png",
      "block.build.deny": "images/blocks/build_deny.png",
      "block.cactus.bottom": "images/blocks/cactus_bottom.png",
      "block.cactus.side": "images/blocks/cactus_side.png",
      "block.cactus.top": "images/blocks/cactus_top.png",
      "block.cake.bottom": "images/blocks/cake_bottom.png",
      "block.cake.inner": "images/blocks/cake_inner.png",
      "block.cake.side": "images/blocks/cake_side.png",
      "block.cake.top": "images/blocks/cake_top.png",
      "block.camera.back": "images/blocks/camera_back.png",
      "block.camera.front": "images/blocks/camera_front.png",
      "block.camera.side": "images/blocks/camera_side.png",
      "block.camera.top": "images/blocks/camera_top.png",
      "block.carried.waterlily": "images/blocks/carried_waterlily.png",
      "block.carrots.stage.0": "images/blocks/carrots_stage_0.png",
      "block.carrots.stage.1": "images/blocks/carrots_stage_1.png",
      "block.carrots.stage.2": "images/blocks/carrots_stage_2.png",
      "block.carrots.stage.3": "images/blocks/carrots_stage_3.png",
      "block.cauldron.bottom": "images/blocks/cauldron_bottom.png",
      "block.cauldron.inner": "images/blocks/cauldron_inner.png",
      "block.cauldron.side": "images/blocks/cauldron_side.png",
      "block.cauldron.top": "images/blocks/cauldron_top.png",
      "block.cauldron.water": "images/blocks/cauldron_water.png",
      "block.chest.front": "images/blocks/chest_front.png",
      "block.chest.side": "images/blocks/chest_side.png",
      "block.chest.top": "images/blocks/chest_top.png",
      "block.clay": "images/blocks/clay.png",
      "block.coal.block": "images/blocks/coal_block.png",
      "block.coal.ore": "images/blocks/coal_ore.png",
      "block.cobblestone": "images/blocks/cobblestone.png",
      "block.cobblestone.mossy": "images/blocks/cobblestone_mossy.png",
      "block.cocoa.stage.0": "images/blocks/cocoa_stage_0.png",
      "block.cocoa.stage.1": "images/blocks/cocoa_stage_1.png",
      "block.cocoa.stage.2": "images/blocks/cocoa_stage_2.png",
      "block.command.block": "images/blocks/command_block.png",
      "block.comparator.off": "images/blocks/comparator_off.png",
      "block.comparator.on": "images/blocks/comparator_on.png",
      "block.crafting.table.front": "images/blocks/crafting_table_front.png",
      "block.crafting.table.side": "images/blocks/crafting_table_side.png",
      "block.crafting.table.top": "images/blocks/crafting_table_top.png",
      "block.daylight.detector.inverted.top": "images/blocks/daylight_detector_inverted_top.png",
      "block.daylight.detector.side": "images/blocks/daylight_detector_side.png",
      "block.daylight.detector.top": "images/blocks/daylight_detector_top.png",
      "block.deadbush": "images/blocks/deadbush.png",
      "block.destroy.stage.0": "images/blocks/destroy_stage_0.png",
      "block.destroy.stage.1": "images/blocks/destroy_stage_1.png",
      "block.destroy.stage.2": "images/blocks/destroy_stage_2.png",
      "block.destroy.stage.3": "images/blocks/destroy_stage_3.png",
      "block.destroy.stage.4": "images/blocks/destroy_stage_4.png",
      "block.destroy.stage.5": "images/blocks/destroy_stage_5.png",
      "block.destroy.stage.6": "images/blocks/destroy_stage_6.png",
      "block.destroy.stage.7": "images/blocks/destroy_stage_7.png",
      "block.destroy.stage.8": "images/blocks/destroy_stage_8.png",
      "block.destroy.stage.9": "images/blocks/destroy_stage_9.png",
      "block.diamond.block": "images/blocks/diamond_block.png",
      "block.diamond.ore": "images/blocks/diamond_ore.png",
      "block.diamond.ore.emissive": "images/blocks/diamond_ore_emissive.png",
      "block.dirt": "images/blocks/dirt.png",
      "block.dirt.podzol.side": "images/blocks/dirt_podzol_side.png",
      "block.dirt.podzol.top": "images/blocks/dirt_podzol_top.png",
      "block.dispenser.front.horizontal": "images/blocks/dispenser_front_horizontal.png",
      "block.dispenser.front.vertical": "images/blocks/dispenser_front_vertical.png",
      "block.door.acacia.lower": "images/blocks/door_acacia_lower.png",
      "block.door.acacia.upper": "images/blocks/door_acacia_upper.png",
      "block.door.birch.lower": "images/blocks/door_birch_lower.png",
      "block.door.birch.upper": "images/blocks/door_birch_upper.png",
      "block.door.dark.oak.lower": "images/blocks/door_dark_oak_lower.png",
      "block.door.dark.oak.upper": "images/blocks/door_dark_oak_upper.png",
      "block.door.iron.lower": "images/blocks/door_iron_lower.png",
      "block.door.iron.upper": "images/blocks/door_iron_upper.png",
      "block.door.jungle.lower": "images/blocks/door_jungle_lower.png",
      "block.door.jungle.upper": "images/blocks/door_jungle_upper.png",
      "block.door.spruce.lower": "images/blocks/door_spruce_lower.png",
      "block.door.spruce.upper": "images/blocks/door_spruce_upper.png",
      "block.door.wood.lower": "images/blocks/door_wood_lower.png",
      "block.door.wood.upper": "images/blocks/door_wood_upper.png",
      "block.double.plant.fern.bottom": "images/blocks/double_plant_fern_bottom.png",
      "block.double.plant.fern.carried": "images/blocks/double_plant_fern_carried.png",
      "block.double.plant.fern.top": "images/blocks/double_plant_fern_top.png",
      "block.double.plant.grass.bottom": "images/blocks/double_plant_grass_bottom.png",
      "block.double.plant.grass.carried": "images/blocks/double_plant_grass_carried.png",
      "block.double.plant.grass.top": "images/blocks/double_plant_grass_top.png",
      "block.double.plant.paeonia.bottom": "images/blocks/double_plant_paeonia_bottom.png",
      "block.double.plant.paeonia.top": "images/blocks/double_plant_paeonia_top.png",
      "block.double.plant.rose.bottom": "images/blocks/double_plant_rose_bottom.png",
      "block.double.plant.rose.top": "images/blocks/double_plant_rose_top.png",
      "block.double.plant.sunflower.back": "images/blocks/double_plant_sunflower_back.png",
      "block.double.plant.sunflower.bottom": "images/blocks/double_plant_sunflower_bottom.png",
      "block.double.plant.sunflower.front": "images/blocks/double_plant_sunflower_front.png",
      "block.double.plant.sunflower.top": "images/blocks/double_plant_sunflower_top.png",
      "block.double.plant.syringa.bottom": "images/blocks/double_plant_syringa_bottom.png",
      "block.double.plant.syringa.top": "images/blocks/double_plant_syringa_top.png",
      "block.dragon.egg": "images/blocks/dragon_egg.png",
      "block.dropper.front.horizontal": "images/blocks/dropper_front_horizontal.png",
      "block.dropper.front.vertical": "images/blocks/dropper_front_vertical.png",
      "block.emerald.block": "images/blocks/emerald_block.png",
      "block.emerald.ore": "images/blocks/emerald_ore.png",
      "block.enchanting.table.bottom": "images/blocks/enchanting_table_bottom.png",
      "block.enchanting.table.side": "images/blocks/enchanting_table_side.png",
      "block.enchanting.table.top": "images/blocks/enchanting_table_top.png",
      "block.endframe.eye": "images/blocks/endframe_eye.png",
      "block.endframe.side": "images/blocks/endframe_side.png",
      "block.endframe.top": "images/blocks/endframe_top.png",
      "block.end.stone": "images/blocks/end_stone.png",
      "block.farmland.dry": "images/blocks/farmland_dry.png",
      "block.farmland.wet": "images/blocks/farmland_wet.png",
      "block.fern": "images/blocks/fern.png",
      "block.fern.carried": "images/blocks/fern_carried.png",
      "block.fire.0": "images/blocks/fire_0.png",
      "block.fire.1": "images/blocks/fire_1.png",
      "block.fire.layer.0": "images/blocks/fire_layer_0.png",
      "block.fire.layer.1": "images/blocks/fire_layer_1.png",
      "block.flower.allium": "images/blocks/flower_allium.png",
      "block.flower.blue.orchid": "images/blocks/flower_blue_orchid.png",
      "block.flower.dandelion": "images/blocks/flower_dandelion.png",
      "block.flower.houstonia": "images/blocks/flower_houstonia.png",
      "block.flower.oxeye.daisy": "images/blocks/flower_oxeye_daisy.png",
      "block.flower.paeonia": "images/blocks/flower_paeonia.png",
      "block.flower.pot": "images/blocks/flower_pot.png",
      "block.flower.rose": "images/blocks/flower_rose.png",
      "block.flower.rose.blue": "images/blocks/flower_rose_blue.png",
      "block.flower.tulip.orange": "images/blocks/flower_tulip_orange.png",
      "block.flower.tulip.pink": "images/blocks/flower_tulip_pink.png",
      "block.flower.tulip.red": "images/blocks/flower_tulip_red.png",
      "block.flower.tulip.white": "images/blocks/flower_tulip_white.png",
      "block.furnace.front.off": "images/blocks/furnace_front_off.png",
      "block.furnace.front.on": "images/blocks/furnace_front_on.png",
      "block.furnace.side": "images/blocks/furnace_side.png",
      "block.furnace.top": "images/blocks/furnace_top.png",
      "block.glass": "images/blocks/glass.png",
      "block.glass.pane.top": "images/blocks/glass_pane_top.png",
      "block.glowing.obsidian": "images/blocks/glowing_obsidian.png",
      "block.glowstone": "images/blocks/glowstone.png",
      "block.glowstone.emissive": "images/blocks/glowstone_emissive.png",
      "block.gold.block": "images/blocks/gold_block.png",
      "block.gold.ore": "images/blocks/gold_ore.png",
      "block.gold.ore.reflective": "images/blocks/ore_reflective.png",
      "block.grass.carried": "images/blocks/grass_carried.png",
      "block.path.dirt.side": "images/blocks/dirt_path_side.png",
      "block.path.dirt.top": "images/blocks/dirt_path_top.png",
      "block.path.grass.side": "images/blocks/grass_path_side.png",
      "block.path.grass.top": "images/blocks/grass_path_top.png",
      "block.path.stone.side": "images/blocks/stone_path_side.png",
      "block.path.stone.top": "images/blocks/stone_path_top.png",
      "block.path.skull.side": "images/blocks/skull_path_side.png",
      "block.path.skull.top": "images/blocks/skull_path_top.png",
      "block.path.gravel.side": "images/blocks/gravel_path_side.png",
      "block.path.gravel.top": "images/blocks/gravel_path_top.png",
      "block.grass.side": "images/blocks/grass_side.png",
      "block.grass.side.carried": "images/blocks/grass_side_carried.png",
      "block.grass.side.snowed": "images/blocks/grass_side_snowed.png",
      "block.grass.top": "images/blocks/grass_top.png",
      "block.gravel": "images/blocks/gravel.png",
      "block.hardened.clay": "images/blocks/hardened_clay.png",
      "block.hardened.clay.stained.black": "images/blocks/hardened_clay_stained_black.png",
      "block.hardened.clay.stained.blue": "images/blocks/hardened_clay_stained_blue.png",
      "block.hardened.clay.stained.brown": "images/blocks/hardened_clay_stained_brown.png",
      "block.hardened.clay.stained.cyan": "images/blocks/hardened_clay_stained_cyan.png",
      "block.hardened.clay.stained.gray": "images/blocks/hardened_clay_stained_gray.png",
      "block.hardened.clay.stained.green": "images/blocks/hardened_clay_stained_green.png",
      "block.hardened.clay.stained.light.blue": "images/blocks/hardened_clay_stained_light_blue.png",
      "block.hardened.clay.stained.lime": "images/blocks/hardened_clay_stained_lime.png",
      "block.hardened.clay.stained.magenta": "images/blocks/hardened_clay_stained_magenta.png",
      "block.hardened.clay.stained.orange": "images/blocks/hardened_clay_stained_orange.png",
      "block.hardened.clay.stained.pink": "images/blocks/hardened_clay_stained_pink.png",
      "block.hardened.clay.stained.purple": "images/blocks/hardened_clay_stained_purple.png",
      "block.hardened.clay.stained.red": "images/blocks/hardened_clay_stained_red.png",
      "block.hardened.clay.stained.silver": "images/blocks/hardened_clay_stained_silver.png",
      "block.hardened.clay.stained.white": "images/blocks/hardened_clay_stained_white.png",
      "block.hardened.clay.stained.yellow": "images/blocks/hardened_clay_stained_yellow.png",
      "block.hay.block.side": "images/blocks/hay_block_side.png",
      "block.hay.block.top": "images/blocks/hay_block_top.png",
      "block.hopper.inside": "images/blocks/hopper_inside.png",
      "block.hopper.outside": "images/blocks/hopper_outside.png",
      "block.hopper.top": "images/blocks/hopper_top.png",
      "block.ice": "images/blocks/ice.png",
      "block.ice.packed": "images/blocks/ice_packed.png",
      "block.iron.bars": "images/blocks/iron_bars.png",
      "block.iron.block": "images/blocks/iron_block.png",
      "block.iron.ore": "images/blocks/iron_ore.png",
      "block.iron.ore.reflective": "images/blocks/ore_reflective.png",
      "block.iron.trapdoor": "images/blocks/iron_trapdoor.png",
      "block.itemframe.background": "images/blocks/itemframe_background.png",
      "block.jukebox.side": "images/blocks/jukebox_side.png",
      "block.jukebox.top": "images/blocks/jukebox_top.png",
      "block.ladder": "images/blocks/ladder.png",
      "block.lapis.block": "images/blocks/lapis_block.png",
      "block.lapis.ore": "images/blocks/lapis_ore.png",
      "block.lava": "images/blocks/lava.png",
      "block.lava.flow": "images/blocks/lava_flow.png",
      "block.lava.still": "images/blocks/lava_still.png",
      "block.leaves.acacia": "images/blocks/leaves_acacia.png",
      "block.leaves.acacia.carried": "images/blocks/leaves_acacia_carried.png",
      "block.leaves.acacia.opaque": "images/blocks/leaves_acacia_opaque.png",
      "block.leaves.acacia.reflective": "images/blocks/leaves_acacia_opaque.png",
      "block.leaves.big.oak": "images/blocks/leaves_big_oak.png",
      "block.leaves.big.oak.carried": "images/blocks/leaves_big_oak_outer.png",
      "block.leaves.big.oak.opaque": "images/blocks/leaves_big_oak_opaque.png",
      "block.leaves.big.oak.reflective": "images/blocks/leaves_big_oak_opaque.png",
      "block.leaves.birch": "images/blocks/leaves_birch.png",
      "block.leaves.birch.carried": "images/blocks/leaves_birch_carried.png",
      "block.leaves.birch.opaque": "images/blocks/leaves_birch_opaque.png",
      "block.leaves.birch.reflective": "images/blocks/leaves_birch_opaque.png",
      "block.leaves.jungle": "images/blocks/leaves_jungle.png",
      "block.leaves.jungle.carried": "images/blocks/leaves_jungle_carried.png",
      "block.leaves.jungle.opaque": "images/blocks/leaves_jungle_opaque.png",
      "block.leaves.jungle.reflective": "images/blocks/leaves_jungle_opaque.png",
      "block.leaves.oak": "images/blocks/leaves_oak.png",
      "block.leaves.oak.carried": "images/blocks/leaves_oak_carried.png",
      "block.leaves.oak.opaque": "images/blocks/leaves_oak_opaque.png",
      "block.leaves.oak.reflective": "images/blocks/leaves_oak_opaque.png",
      "block.leaves.spruce": "images/blocks/leaves_spruce.png",
      "block.leaves.spruce.carried": "images/blocks/leaves_spruce_outer.png",
      "block.leaves.spruce.opaque": "images/blocks/leaves_spruce_opaque.png",
      "block.leaves.spruce.reflective": "images/blocks/leaves_spruce_opaque.png",
      "block.lever": "images/blocks/lever.png",
      "block.log.acacia": "images/blocks/log_acacia.png",
      "block.log.acacia.top": "images/blocks/log_acacia_top.png",
      "block.log.big.oak": "images/blocks/log_big_oak.png",
      "block.log.big.oak.top": "images/blocks/log_big_oak_top.png",
      "block.log.birch": "images/blocks/log_birch.png",
      "block.log.birch.top": "images/blocks/log_birch_top.png",
      "block.log.jungle": "images/blocks/log_jungle.png",
      "block.log.jungle.top": "images/blocks/log_jungle_top.png",
      "block.log.oak": "images/blocks/log_oak.png",
      "block.log.oak.top": "images/blocks/log_oak_top.png",
      "block.log.spruce": "images/blocks/log_spruce.png",
      "block.log.spruce.top": "images/blocks/log_spruce_top.png",
      "block.melon.side": "images/blocks/melon_side.png",
      "block.melon.stem.connected": "images/blocks/melon_stem_connected.png",
      "block.melon.stem.disconnected": "images/blocks/melon_stem_disconnected.png",
      "block.melon.top": "images/blocks/melon_top.png",
      "block.missing.tile": "images/blocks/missing_tile.png",
      "block.mob.spawner": "images/blocks/mob_spawner.png",
      "block.mushroom.block.inside": "images/blocks/mushroom_block_inside.png",
      "block.mushroom.block.skin.brown": "images/blocks/mushroom_block_skin_brown.png",
      "block.mushroom.block.skin.red": "images/blocks/mushroom_block_skin_red.png",
      "block.mushroom.block.skin.stem": "images/blocks/mushroom_block_skin_stem.png",
      "block.mushroom.brown": "images/blocks/mushroom_brown.png",
      "block.mushroom.red": "images/blocks/mushroom_red.png",
      "block.mycelium.side": "images/blocks/mycelium_side.png",
      "block.mycelium.top": "images/blocks/mycelium_top.png",
      "block.netherrack": "images/blocks/netherrack.png",
      "block.nether.brick": "images/blocks/nether_brick.png",
      "block.nether.wart.stage.0": "images/blocks/nether_wart_stage_0.png",
      "block.nether.wart.stage.1": "images/blocks/nether_wart_stage_1.png",
      "block.nether.wart.stage.2": "images/blocks/nether_wart_stage_2.png",
      "block.noteblock": "images/blocks/noteblock.png",
      "block.obsidian": "images/blocks/obsidian.png",
      "block.observer.front": "images/blocks/observer_front.png",
      "block.observer.back": "images/blocks/observer_back.png",
      "block.observer.side": "images/blocks/observer_side.png",
      "block.observer.top": "images/blocks/observer_top.png",
      "block.piston.bottom": "images/blocks/piston_bottom.png",
      "block.piston.inner": "images/blocks/piston_inner.png",
      "block.piston.side": "images/blocks/piston_side.png",
      "block.piston.top.normal": "images/blocks/piston_top_normal.png",
      "block.piston.top.sticky": "images/blocks/piston_top_sticky.png",
      "block.planks.acacia": "images/blocks/planks_acacia.png",
      "block.planks.big.oak": "images/blocks/planks_big_oak.png",
      "block.planks.birch": "images/blocks/planks_birch.png",
      "block.planks.jungle": "images/blocks/planks_jungle.png",
      "block.planks.oak": "images/blocks/planks_oak.png",
      "block.planks.spruce": "images/blocks/planks_spruce.png",
      "block.portal": "images/blocks/portal.png",
      "block.potatoes.stage.0": "images/blocks/potatoes_stage_0.png",
      "block.potatoes.stage.1": "images/blocks/potatoes_stage_1.png",
      "block.potatoes.stage.2": "images/blocks/potatoes_stage_2.png",
      "block.potatoes.stage.3": "images/blocks/potatoes_stage_3.png",
      "block.pumpkin.face.off": "images/blocks/pumpkin_face_off.png",
      "block.pumpkin.face.on": "images/blocks/pumpkin_face_on.png",
      "block.pumpkin.side": "images/blocks/pumpkin_side.png",
      "block.pumpkin.stem.connected": "images/blocks/pumpkin_stem_connected.png",
      "block.pumpkin.stem.disconnected": "images/blocks/pumpkin_stem_disconnected.png",
      "block.pumpkin.top": "images/blocks/pumpkin_top.png",
      "block.quartz.block.bottom": "images/blocks/quartz_block_bottom.png",
      "block.quartz.block.chiseled": "images/blocks/quartz_block_chiseled.png",
      "block.quartz.block.chiseled.top": "images/blocks/quartz_block_chiseled_top.png",
      "block.quartz.block.lines": "images/blocks/quartz_block_lines.png",
      "block.quartz.block.lines.top": "images/blocks/quartz_block_lines_top.png",
      "block.quartz.block.side": "images/blocks/quartz_block_side.png",
      "block.quartz.block.top": "images/blocks/quartz_block_top.png",
      "block.quartz.ore": "images/blocks/quartz_ore.png",
      "block.rail.activator": "images/blocks/rail_activator.png",
      "block.rail.activator.powered": "images/blocks/rail_activator_powered.png",
      "block.rail.detector": "images/blocks/rail_detector.png",
      "block.rail.detector.powered": "images/blocks/rail_detector_powered.png",
      "block.rail.golden": "images/blocks/rail_golden.png",
      "block.rail.golden.powered": "images/blocks/rail_golden_powered.png",
      "block.rail.normal": "images/blocks/rail_normal.png",
      "block.rail.normal.turned": "images/blocks/rail_normal_turned.png",
      "block.reactor.core.stage.0": "images/blocks/reactor_core_stage_0.png",
      "block.reactor.core.stage.1": "images/blocks/reactor_core_stage_1.png",
      "block.reactor.core.stage.2": "images/blocks/reactor_core_stage_2.png",
      "block.redstone.block": "images/blocks/redstone_block.png",
      "block.redstone.dust.cross": "images/blocks/redstone_dust_cross.png",
      "block.redstone.dust.line": "images/blocks/redstone_dust_line.png",
      "block.redstone.lamp.off": "images/blocks/redstone_lamp_off.png",
      "block.redstone.lamp.on": "images/blocks/redstone_lamp_on.png",
      "block.redstone.ore": "images/blocks/redstone_ore.png",
      "block.redstone.torch.off": "images/blocks/redstone_torch_off.png",
      "block.redstone.torch.on": "images/blocks/redstone_torch_on.png",
      "block.redstone.torch.on.emissive" : "images/blocks/redstone_torch_on_emissive.png",
      "block.red.sand": "images/blocks/red_sand.png",
      "block.red.sandstone.bottom": "images/blocks/red_sandstone_bottom.png",
      "block.red.sandstone.carved": "images/blocks/red_sandstone_carved.png",
      "block.red.sandstone.normal": "images/blocks/red_sandstone_normal.png",
      "block.red.sandstone.smooth": "images/blocks/red_sandstone_smooth.png",
      "block.red.sandstone.top": "images/blocks/red_sandstone_top.png",
      "block.reeds": "images/blocks/reeds.png",
      "block.repeater.off": "images/blocks/repeater_off.png",
      "block.repeater.on": "images/blocks/repeater_on.png",
      "block.sand": "images/blocks/sand.png",
      "block.sandstone.bottom": "images/blocks/sandstone_bottom.png",
      "block.sandstone.carved": "images/blocks/sandstone_carved.png",
      "block.sandstone.normal": "images/blocks/sandstone_normal.png",
      "block.sandstone.smooth": "images/blocks/sandstone_smooth.png",
      "block.sandstone.top": "images/blocks/sandstone_top.png",
      "block.sapling.acacia": "images/blocks/sapling_acacia.png",
      "block.sapling.birch": "images/blocks/sapling_birch.png",
      "block.sapling.jungle": "images/blocks/sapling_jungle.png",
      "block.sapling.oak": "images/blocks/sapling_oak.png",
      "block.sapling.roofed.oak": "images/blocks/sapling_roofed_oak.png",
      "block.sapling.spruce": "images/blocks/sapling_spruce.png",
      "block.sea.lantern": "images/blocks/sea_lantern.png",
      "block.slime": "images/blocks/slime.png",
      "block.snow": "images/blocks/snow.png",
      "block.soul.sand": "images/blocks/soul_sand.png",
      "block.sponge": "images/blocks/sponge.png",
      "block.stone": "images/blocks/stone.png",
      "block.custom_0" : "images/blocks/custom_0.png",
      "block.custom_1" : "images/blocks/custom_1.png",
      "block.custom_10" : "images/blocks/custom_10.png",
      "block.custom_11" : "images/blocks/custom_11.png",
      "block.custom_12" : "images/blocks/custom_12.png",
      "block.custom_13" : "images/blocks/custom_13.png",
      "block.custom_14" : "images/blocks/custom_14.png",
      "block.custom_15" : "images/blocks/custom_15.png",
      "block.custom_2" : "images/blocks/custom_2.png",
      "block.custom_3" : "images/blocks/custom_3.png",
      "block.custom_4" : "images/blocks/custom_4.png",
      "block.custom_5" : "images/blocks/custom_5.png",
      "block.custom_6" : "images/blocks/custom_6.png",
      "block.custom_7" : "images/blocks/custom_7.png",
      "block.custom_8" : "images/blocks/custom_8.png",
      "block.custom_9" : "images/blocks/custom_9.png",
      "block.stone_gradient.0": "images/blocks/stone_gradient_0.png",
      "block.stone_gradient.1": "images/blocks/stone_gradient_1.png",
      "block.stone_gradient.10": "images/blocks/stone_gradient_10.png",
      "block.stone_gradient.11": "images/blocks/stone_gradient_11.png",
      "block.stone_gradient.12": "images/blocks/stone_gradient_12.png",
      "block.stone_gradient.13": "images/blocks/stone_gradient_13.png",
      "block.stone_gradient.14": "images/blocks/stone_gradient_14.png",
      "block.stone_gradient.15": "images/blocks/stone_gradient_15.png",
      "block.stone_gradient.2": "images/blocks/stone_gradient_2.png",
      "block.stone_gradient.3": "images/blocks/stone_gradient_3.png",
      "block.stone_gradient.4": "images/blocks/stone_gradient_4.png",
      "block.stone_gradient.5": "images/blocks/stone_gradient_5.png",
      "block.stone_gradient.6": "images/blocks/stone_gradient_6.png",
      "block.stone_gradient.7": "images/blocks/stone_gradient_7.png",
      "block.stone_gradient.8": "images/blocks/stone_gradient_8.png",
      "block.stone_gradient.9": "images/blocks/stone_gradient_9.png",
      "block.stonebrick": "images/blocks/stonebrick.png",
      "block.stonebrick.carved": "images/blocks/stonebrick_carved.png",
      "block.stonebrick.cracked": "images/blocks/stonebrick_cracked.png",
      "block.stonebrick.mossy": "images/blocks/stonebrick_mossy.png",
      "block.stonecutter.bottom": "images/blocks/stonecutter_bottom.png",
      "block.stonecutter.other.side": "images/blocks/stonecutter_other_side.png",
      "block.stonecutter.side": "images/blocks/stonecutter_side.png",
      "block.stonecutter.top": "images/blocks/stonecutter_top.png",
      "block.stone.andesite": "images/blocks/stone_andesite.png",
      "block.stone.andesite.smooth": "images/blocks/stone_andesite_smooth.png",
      "block.stone.diorite": "images/blocks/stone_diorite.png",
      "block.stone.diorite.smooth": "images/blocks/stone_diorite_smooth.png",
      "block.stone.granite": "images/blocks/stone_granite.png",
      "block.stone.granite.smooth": "images/blocks/stone_granite_smooth.png",
      "block.stone.stonefloor.1": "images/blocks/stonefloor1.png",
      "block.stone.stonefloor.2": "images/blocks/stonefloor2.png",
      "block.stone.stonefloor.3": "images/blocks/stonefloor3.png",
      "block.stone.stonefloor.4": "images/blocks/stonefloor4.png",
      "block.stone.stonefloor.5": "images/blocks/stonefloor5.png",
      "block.stone.stonefloor.6": "images/blocks/stonefloor6.png",
      "block.stone.stonefloor.7": "images/blocks/stonefloor7.png",
      "block.stone.stonefloor.8": "images/blocks/stonefloor8.png",
      "block.stone.stonefloor.9": "images/blocks/stonefloor9.png",
      "block.stone.slab.side": "images/blocks/stone_slab_side.png",
      "block.stone.slab.top": "images/blocks/stone_slab_top.png",
      "block.tallgrass": "images/blocks/tallgrass.png",
      "block.tallgrass.carried": "images/blocks/tallgrass_carried.png",
      "block.tnt.bottom": "images/blocks/tnt_bottom.png",
      "block.tnt.side": "images/blocks/tnt_side.png",
      "block.tnt.top": "images/blocks/tnt_top.png",
      "block.torch.on": "images/blocks/torch_on.png",
      "block.torch.on.emissive" : "images/blocks/torch_on_emissive.png",
      "block.trapdoor": "images/blocks/trapdoor.png",
      "block.trip.wire": "images/blocks/trip_wire.png",
      "block.trip.wire.source": "images/blocks/trip_wire_source.png",
      "block.vine": "images/blocks/vine.png",
      "block.vine.carried": "images/blocks/vine_carried.png",
      "block.water": "images/blocks/water.png",
      "block.waterlily": "images/blocks/waterlily.png",
      "block.web": "images/blocks/web.png",
      "block.wheat.stage.0": "images/blocks/wheat_stage_0.png",
      "block.wheat.stage.1": "images/blocks/wheat_stage_1.png",
      "block.wheat.stage.2": "images/blocks/wheat_stage_2.png",
      "block.wheat.stage.3": "images/blocks/wheat_stage_3.png",
      "block.wheat.stage.4": "images/blocks/wheat_stage_4.png",
      "block.wheat.stage.5": "images/blocks/wheat_stage_5.png",
      "block.wheat.stage.6": "images/blocks/wheat_stage_6.png",
      "block.wheat.stage.7": "images/blocks/wheat_stage_7.png",
      "block.wool.colored.black": "images/blocks/wool_colored_black.png",
      "block.wool.colored.blue": "images/blocks/wool_colored_blue.png",
      "block.wool.colored.brown": "images/blocks/wool_colored_brown.png",
      "block.wool.colored.cyan": "images/blocks/wool_colored_cyan.png",
      "block.wool.colored.gray": "images/blocks/wool_colored_gray.png",
      "block.wool.colored.green": "images/blocks/wool_colored_green.png",
      "block.wool.colored.light.blue": "images/blocks/wool_colored_light_blue.png",
      "block.wool.colored.lime": "images/blocks/wool_colored_lime.png",
      "block.wool.colored.magenta": "images/blocks/wool_colored_magenta.png",
      "block.wool.colored.orange": "images/blocks/wool_colored_orange.png",
      "block.wool.colored.pink": "images/blocks/wool_colored_pink.png",
      "block.wool.colored.purple": "images/blocks/wool_colored_purple.png",
      "block.wool.colored.red": "images/blocks/wool_colored_red.png",
      "block.wool.colored.silver": "images/blocks/wool_colored_silver.png",
      "block.wool.colored.white": "images/blocks/wool_colored_white.png",
      "block.wool.colored.yellow": "images/blocks/wool_colored_yellow.png",
      "item.apple": "images/items/apple.png",
      "item.apple.golden": "images/items/apple_golden.png",
      "item.arrow": "images/items/arrow.png",
      "item.bed": "images/items/bed.png",
      "item.beef.cooked": "images/items/beef_cooked.png",
      "item.beef.raw": "images/items/beef_raw.png",
      "item.beetroot": "images/items/beetroot.png",
      "item.beetroot.soup": "images/items/beetroot_soup.png",
      "item.blaze.powder": "images/items/blaze_powder.png",
      "item.blaze.rod": "images/items/blaze_rod.png",
      "item.boat": "images/items/boat.png",
      "item.boat.acacia": "images/items/boat_acacia.png",
      "item.boat.birch": "images/items/boat_birch.png",
      "item.boat.darkoak": "images/items/boat_darkoak.png",
      "item.boat.jungle": "images/items/boat_jungle.png",
      "item.boat.oak": "images/items/boat_oak.png",
      "item.boat.spruce": "images/items/boat_spruce.png",
      "item.bone": "images/items/bone.png",
      "item.book.enchanted": "images/items/book_enchanted.png",
      "item.book.normal": "images/items/book_normal.png",
      "item.book.portfolio": "images/items/book_portfolio.png",
      "item.book.writable": "images/items/book_writable.png",
      "item.book.written": "images/items/book_written.png",
      "item.bowl": "images/items/bowl.png",
      "item.bow.pulling.0": "images/items/bow_pulling_0.png",
      "item.bow.pulling.1": "images/items/bow_pulling_1.png",
      "item.bow.pulling.2": "images/items/bow_pulling_2.png",
      "item.bow.standby": "images/items/bow_standby.png",
      "item.bread": "images/items/bread.png",
      "item.brewing.stand": "images/items/brewing_stand.png",
      "item.brick": "images/items/brick.png",
      "item.bucket.empty": "images/items/bucket_empty.png",
      "item.bucket.lava": "images/items/bucket_lava.png",
      "item.bucket.milk": "images/items/bucket_milk.png",
      "item.bucket.water": "images/items/bucket_water.png",
      "item.cake": "images/items/cake.png",
      "item.carrot": "images/items/carrot.png",
      "item.carrot.golden": "images/items/carrot_golden.png",
      "item.carrot.on.a.stick": "images/items/carrot_on_a_stick.png",
      "item.cauldron": "images/items/cauldron.png",
      "item.chainmail.boots": "images/items/chainmail_boots.png",
      "item.chainmail.chestplate": "images/items/chainmail_chestplate.png",
      "item.chainmail.helmet": "images/items/chainmail_helmet.png",
      "item.chainmail.leggings": "images/items/chainmail_leggings.png",
      "item.charcoal": "images/items/charcoal.png",
      "item.chicken.cooked": "images/items/chicken_cooked.png",
      "item.chicken.raw": "images/items/chicken_raw.png",
      "item.clay.ball": "images/items/clay_ball.png",
      "item.clock.item": "images/items/clock_item.png",
      "item.coal": "images/items/coal.png",
      "item.comparator": "images/items/comparator.png",
      "item.compass.item": "images/items/compass_item.png",
      "item.cookie": "images/items/cookie.png",
      "item.diamond": "images/items/diamond.png",
      "item.diamond.axe": "images/items/diamond_axe.png",
      "item.diamond.boots": "images/items/diamond_boots.png",
      "item.diamond.chestplate": "images/items/diamond_chestplate.png",
      "item.diamond.helmet": "images/items/diamond_helmet.png",
      "item.diamond.hoe": "images/items/diamond_hoe.png",
      "item.diamond.horse.armor": "images/items/diamond_horse_armor.png",
      "item.diamond.leggings": "images/items/diamond_leggings.png",
      "item.diamond.pickaxe": "images/items/diamond_pickaxe.png",
      "item.diamond.shovel": "images/items/diamond_shovel.png",
      "item.diamond.sword": "images/items/diamond_sword.png",
      "item.door.acacia": "images/items/door_acacia.png",
      "item.door.birch": "images/items/door_birch.png",
      "item.door.dark.oak": "images/items/door_dark_oak.png",
      "item.door.iron": "images/items/door_iron.png",
      "item.door.jungle": "images/items/door_jungle.png",
      "item.door.spruce": "images/items/door_spruce.png",
      "item.door.wood": "images/items/door_wood.png",
      "item.dye.powder.black": "images/items/dye_powder_black.png",
      "item.dye.powder.blue": "images/items/dye_powder_blue.png",
      "item.dye.powder.brown": "images/items/dye_powder_brown.png",
      "item.dye.powder.cyan": "images/items/dye_powder_cyan.png",
      "item.dye.powder.gray": "images/items/dye_powder_gray.png",
      "item.dye.powder.green": "images/items/dye_powder_green.png",
      "item.dye.powder.light.blue": "images/items/dye_powder_light_blue.png",
      "item.dye.powder.lime": "images/items/dye_powder_lime.png",
      "item.dye.powder.magenta": "images/items/dye_powder_magenta.png",
      "item.dye.powder.orange": "images/items/dye_powder_orange.png",
      "item.dye.powder.pink": "images/items/dye_powder_pink.png",
      "item.dye.powder.purple": "images/items/dye_powder_purple.png",
      "item.dye.powder.red": "images/items/dye_powder_red.png",
      "item.dye.powder.silver": "images/items/dye_powder_silver.png",
      "item.dye.powder.white": "images/items/dye_powder_white.png",
      "item.dye.powder.yellow": "images/items/dye_powder_yellow.png",
      "item.egg": "images/items/egg.png",
      "item.egg.bat": "images/items/egg_bat.png",
      "item.egg.blaze": "images/items/egg_blaze.png",
      "item.egg.cave.spider": "images/items/egg_cave_spider.png",
      "item.egg.chicken": "images/items/egg_chicken.png",
      "item.egg.cow": "images/items/egg_cow.png",
      "item.egg.creeper": "images/items/egg_creeper.png",
      "item.egg.donkey": "images/items/egg_donkey.png",
      "item.egg.enderman": "images/items/egg_enderman.png",
      "item.egg.endermite": "images/items/egg_endermite.png",
      "item.egg.ghast": "images/items/egg_ghast.png",
      "item.egg.guardian": "images/items/egg_guardian.png",
      "item.egg.horse": "images/items/egg_horse.png",
      "item.egg.husk": "images/items/egg_husk.png",
      "item.egg.lava.slime": "images/items/egg_lava_slime.png",
      "item.egg.mule": "images/items/egg_mule.png",
      "item.egg.mushroomcow": "images/items/egg_mushroomcow.png",
      "item.egg.null": "images/items/egg_null.png",
      "item.egg.ocelot": "images/items/egg_ocelot.png",
      "item.egg.pig": "images/items/egg_pig.png",
      "item.egg.pigzombie": "images/items/egg_pigzombie.png",
      "item.egg.rabbit": "images/items/egg_rabbit.png",
      "item.egg.sheep": "images/items/egg_sheep.png",
      "item.egg.silverfish": "images/items/egg_silverfish.png",
      "item.egg.skeleton": "images/items/egg_skeleton.png",
      "item.egg.skeletonhorse": "images/items/egg_skeletonhorse.png",
      "item.egg.slime": "images/items/egg_slime.png",
      "item.egg.spider": "images/items/egg_spider.png",
      "item.egg.squid": "images/items/egg_squid.png",
      "item.egg.stray": "images/items/egg_stray.png",
      "item.egg.villager": "images/items/egg_villager.png",
      "item.egg.witch": "images/items/egg_witch.png",
      "item.egg.wither": "images/items/egg_wither.png",
      "item.egg.wolf": "images/items/egg_wolf.png",
      "item.egg.zombie": "images/items/egg_zombie.png",
      "item.egg.zombiehorse": "images/items/egg_zombiehorse.png",
      "item.emerald": "images/items/emerald.png",
      "item.empty.armor.slot.boots": "images/items/empty_armor_slot_boots.png",
      "item.empty.armor.slot.chestplate": "images/items/empty_armor_slot_chestplate.png",
      "item.empty.armor.slot.helmet": "images/items/empty_armor_slot_helmet.png",
      "item.empty.armor.slot.leggings": "images/items/empty_armor_slot_leggings.png",
      "item.ender.eye": "images/items/ender_eye.png",
      "item.ender.pearl": "images/items/ender_pearl.png",
      "item.experience.bottle": "images/items/experience_bottle.png",
      "item.feather": "images/items/feather.png",
      "item.fireball": "images/items/fireball.png",
      "item.fireworks": "images/items/fireworks.png",
      "item.fireworks.charge": "images/items/fireworks_charge.png",
      "item.fireworks.charge.overlay": "images/items/fireworks_charge_overlay.png",
      "item.fishing.rod.cast": "images/items/fishing_rod_cast.png",
      "item.fishing.rod.uncast": "images/items/fishing_rod_uncast.png",
      "item.fish.clownfish.raw": "images/items/fish_clownfish_raw.png",
      "item.fish.cooked": "images/items/fish_cooked.png",
      "item.fish.pufferfish.raw": "images/items/fish_pufferfish_raw.png",
      "item.fish.raw": "images/items/fish_raw.png",
      "item.fish.salmon.cooked": "images/items/fish_salmon_cooked.png",
      "item.fish.salmon.raw": "images/items/fish_salmon_raw.png",
      "item.flint": "images/items/flint.png",
      "item.flint.and.steel": "images/items/flint_and_steel.png",
      "item.flower.pot": "images/items/flower_pot.png",
      "item.ghast.tear": "images/items/ghast_tear.png",
      "item.glowstone.dust": "images/items/glowstone_dust.png",
      "item.gold.axe": "images/items/gold_axe.png",
      "item.gold.boots": "images/items/gold_boots.png",
      "item.gold.chestplate": "images/items/gold_chestplate.png",
      "item.gold.helmet": "images/items/gold_helmet.png",
      "item.gold.hoe": "images/items/gold_hoe.png",
      "item.gold.horse.armor": "images/items/gold_horse_armor.png",
      "item.gold.ingot": "images/items/gold_ingot.png",
      "item.gold.leggings": "images/items/gold_leggings.png",
      "item.gold.nugget": "images/items/gold_nugget.png",
      "item.gold.pickaxe": "images/items/gold_pickaxe.png",
      "item.gold.shovel": "images/items/gold_shovel.png",
      "item.gold.sword": "images/items/gold_sword.png",
      "item.gunpowder": "images/items/gunpowder.png",
      "item.hopper": "images/items/hopper.png",
      "item.iron.axe": "images/items/iron_axe.png",
      "item.iron.boots": "images/items/iron_boots.png",
      "item.iron.chestplate": "images/items/iron_chestplate.png",
      "item.iron.helmet": "images/items/iron_helmet.png",
      "item.iron.hoe": "images/items/iron_hoe.png",
      "item.iron.horse.armor": "images/items/iron_horse_armor.png",
      "item.iron.ingot": "images/items/iron_ingot.png",
      "item.iron.leggings": "images/items/iron_leggings.png",
      "item.iron.pickaxe": "images/items/iron_pickaxe.png",
      "item.iron.shovel": "images/items/iron_shovel.png",
      "item.iron.sword": "images/items/iron_sword.png",
      "item.item.frame": "images/items/item_frame.png",
      "item.lead": "images/items/lead.png",
      "item.leather": "images/items/leather.png",
      "item.leather.boots": "images/items/leather_boots.png",
      "item.leather.chestplate": "images/items/leather_chestplate.png",
      "item.leather.helmet": "images/items/leather_helmet.png",
      "item.leather.horse.armor": "images/items/leather_horse_armor.png",
      "item.leather.leggings": "images/items/leather_leggings.png",
      "item.lever": "images/items/lever.png",
      "item.magma.cream": "images/items/magma_cream.png",
      "item.map.empty": "images/items/map_empty.png",
      "item.map.filled": "images/items/map_filled.png",
      "item.melon": "images/items/melon.png",
      "item.melon.speckled": "images/items/melon_speckled.png",
      "item.minecart.chest": "images/items/minecart_chest.png",
      "item.minecart.furnace": "images/items/minecart_furnace.png",
      "item.minecart.hopper": "images/items/minecart_hopper.png",
      "item.minecart.normal": "images/items/minecart_normal.png",
      "item.minecart.tnt": "images/items/minecart_tnt.png",
      "item.mushroom.stew": "images/items/mushroom_stew.png",
      "item.mutton.cooked": "images/items/mutton_cooked.png",
      "item.mutton.raw": "images/items/mutton_raw.png",
      "item.name.tag": "images/items/name_tag.png",
      "item.netherbrick": "images/items/netherbrick.png",
      "item.nether.star": "images/items/nether_star.png",
      "item.nether.wart": "images/items/nether_wart.png",
      "item.painting": "images/items/painting.png",
      "item.paper": "images/items/paper.png",
      "item.porkchop.cooked": "images/items/porkchop_cooked.png",
      "item.porkchop.raw": "images/items/porkchop_raw.png",
      "item.potato": "images/items/potato.png",
      "item.potato.baked": "images/items/potato_baked.png",
      "item.potato.poisonous": "images/items/potato_poisonous.png",
      "item.potion.bottle.absorption": "images/items/potion_bottle_absorption.png",
      "item.potion.bottle.blindness": "images/items/potion_bottle_blindness.png",
      "item.potion.bottle.confusion": "images/items/potion_bottle_confusion.png",
      "item.potion.bottle.damageBoost": "images/items/potion_bottle_damageBoost.png",
      "item.potion.bottle.digSlowdown": "images/items/potion_bottle_digSlowdown.png",
      "item.potion.bottle.digSpeed": "images/items/potion_bottle_digSpeed.png",
      "item.potion.bottle.drinkable": "images/items/potion_bottle_drinkable.png",
      "item.potion.bottle.empty": "images/items/potion_bottle_empty.png",
      "item.potion.bottle.fireResistance": "images/items/potion_bottle_fireResistance.png",
      "item.potion.bottle.harm": "images/items/potion_bottle_harm.png",
      "item.potion.bottle.heal": "images/items/potion_bottle_heal.png",
      "item.potion.bottle.healthBoost": "images/items/potion_bottle_healthBoost.png",
      "item.potion.bottle.hunger": "images/items/potion_bottle_hunger.png",
      "item.potion.bottle.invisibility": "images/items/potion_bottle_invisibility.png",
      "item.potion.bottle.jump": "images/items/potion_bottle_jump.png",
      "item.potion.bottle.moveSlowdown": "images/items/potion_bottle_moveSlowdown.png",
      "item.potion.bottle.moveSpeed": "images/items/potion_bottle_moveSpeed.png",
      "item.potion.bottle.nightVision": "images/items/potion_bottle_nightVision.png",
      "item.potion.bottle.poison": "images/items/potion_bottle_poison.png",
      "item.potion.bottle.regeneration": "images/items/potion_bottle_regeneration.png",
      "item.potion.bottle.resistance": "images/items/potion_bottle_resistance.png",
      "item.potion.bottle.saturation": "images/items/potion_bottle_saturation.png",
      "item.potion.bottle.splash": "images/items/potion_bottle_splash.png",
      "item.potion.bottle.splash.absorption": "images/items/potion_bottle_splash_absorption.png",
      "item.potion.bottle.splash.blindness": "images/items/potion_bottle_splash_blindness.png",
      "item.potion.bottle.splash.confusion": "images/items/potion_bottle_splash_confusion.png",
      "item.potion.bottle.splash.damageBoost": "images/items/potion_bottle_splash_damageBoost.png",
      "item.potion.bottle.splash.digSlowdown": "images/items/potion_bottle_splash_digSlowdown.png",
      "item.potion.bottle.splash.digSpeed": "images/items/potion_bottle_splash_digSpeed.png",
      "item.potion.bottle.splash.fireResistance": "images/items/potion_bottle_splash_fireResistance.png",
      "item.potion.bottle.splash.harm": "images/items/potion_bottle_splash_harm.png",
      "item.potion.bottle.splash.heal": "images/items/potion_bottle_splash_heal.png",
      "item.potion.bottle.splash.healthBoost": "images/items/potion_bottle_splash_healthBoost.png",
      "item.potion.bottle.splash.hunger": "images/items/potion_bottle_splash_hunger.png",
      "item.potion.bottle.splash.invisibility": "images/items/potion_bottle_splash_invisibility.png",
      "item.potion.bottle.splash.jump": "images/items/potion_bottle_splash_jump.png",
      "item.potion.bottle.splash.moveSlowdown": "images/items/potion_bottle_splash_moveSlowdown.png",
      "item.potion.bottle.splash.moveSpeed": "images/items/potion_bottle_splash_moveSpeed.png",
      "item.potion.bottle.splash.nightVision": "images/items/potion_bottle_splash_nightVision.png",
      "item.potion.bottle.splash.poison": "images/items/potion_bottle_splash_poison.png",
      "item.potion.bottle.splash.regeneration": "images/items/potion_bottle_splash_regeneration.png",
      "item.potion.bottle.splash.resistance": "images/items/potion_bottle_splash_resistance.png",
      "item.potion.bottle.splash.saturation": "images/items/potion_bottle_splash_saturation.png",
      "item.potion.bottle.splash.waterBreathing": "images/items/potion_bottle_splash_waterBreathing.png",
      "item.potion.bottle.splash.weakness": "images/items/potion_bottle_splash_weakness.png",
      "item.potion.bottle.splash.wither": "images/items/potion_bottle_splash_wither.png",
      "item.potion.bottle.waterBreathing": "images/items/potion_bottle_waterBreathing.png",
      "item.potion.bottle.weakness": "images/items/potion_bottle_weakness.png",
      "item.potion.bottle.wither": "images/items/potion_bottle_wither.png",
      "item.potion.overlay": "images/items/potion_overlay.png",
      "item.prismarine.crystals": "images/items/prismarine_crystals.png",
      "item.prismarine.shard": "images/items/prismarine_shard.png",
      "item.pumpkin.pie": "images/items/pumpkin_pie.png",
      "item.quartz": "images/items/quartz.png",
      "item.quiver": "images/items/quiver.png",
      "item.rabbit.cooked": "images/items/rabbit_cooked.png",
      "item.rabbit.foot": "images/items/rabbit_foot.png",
      "item.rabbit.hide": "images/items/rabbit_hide.png",
      "item.rabbit.raw": "images/items/rabbit_raw.png",
      "item.rabbit.stew": "images/items/rabbit_stew.png",
      "item.record.11": "images/items/record_11.png",
      "item.record.13": "images/items/record_13.png",
      "item.record.blocks": "images/items/record_blocks.png",
      "item.record.cat": "images/items/record_cat.png",
      "item.record.chirp": "images/items/record_chirp.png",
      "item.record.far": "images/items/record_far.png",
      "item.record.mall": "images/items/record_mall.png",
      "item.record.mellohi": "images/items/record_mellohi.png",
      "item.record.stal": "images/items/record_stal.png",
      "item.record.strad": "images/items/record_strad.png",
      "item.record.wait": "images/items/record_wait.png",
      "item.record.ward": "images/items/record_ward.png",
      "item.redstone.dust": "images/items/redstone_dust.png",
      "item.reeds": "images/items/reeds.png",
      "item.repeater": "images/items/repeater.png",
      "item.rotten.flesh": "images/items/rotten_flesh.png",
      "item.ruby": "images/items/ruby.png",
      "item.saddle": "images/items/saddle.png",
      "item.seeds.beetroot": "images/items/seeds_beetroot.png",
      "item.seeds.melon": "images/items/seeds_melon.png",
      "item.seeds.pumpkin": "images/items/seeds_pumpkin.png",
      "item.seeds.wheat": "images/items/seeds_wheat.png",
      "item.shears": "images/items/shears.png",
      "item.sign": "images/items/sign.png",
      "item.skull.creeper": "images/items/skull_creeper.png",
      "item.skull.skeleton": "images/items/skull_skeleton.png",
      "item.skull.steve": "images/items/skull_steve.png",
      "item.skull.wither": "images/items/skull_wither.png",
      "item.skull.zombie": "images/items/skull_zombie.png",
      "item.slimeball": "images/items/slimeball.png",
      "item.snowball": "images/items/snowball.png",
      "item.spawn.egg": "images/items/spawn_egg.png",
      "item.spawn.egg.overlay": "images/items/spawn_egg_overlay.png",
      "item.spider.eye": "images/items/spider_eye.png",
      "item.spider.eye.fermented": "images/items/spider_eye_fermented.png",
      "item.stick": "images/items/stick.png",
      "item.stone.axe": "images/items/stone_axe.png",
      "item.stone.hoe": "images/items/stone_hoe.png",
      "item.stone.pickaxe": "images/items/stone_pickaxe.png",
      "item.stone.shovel": "images/items/stone_shovel.png",
      "item.stone.sword": "images/items/stone_sword.png",
      "item.string": "images/items/string.png",
      "item.sugar": "images/items/sugar.png",
      "item.tipped.arrow": "images/items/tipped_arrow.png",
      "item.tipped.arrow.base": "images/items/tipped_arrow_base.png",
      "item.tipped.arrow.fireres": "images/items/tipped_arrow_fireres.png",
      "item.tipped.arrow.harm": "images/items/tipped_arrow_harm.png",
      "item.tipped.arrow.head": "images/items/tipped_arrow_head.png",
      "item.tipped.arrow.healing": "images/items/tipped_arrow_healing.png",
      "item.tipped.arrow.invisibility": "images/items/tipped_arrow_invisibility.png",
      "item.tipped.arrow.leaping": "images/items/tipped_arrow_leaping.png",
      "item.tipped.arrow.luck": "images/items/tipped_arrow_luck.png",
      "item.tipped.arrow.nightvision": "images/items/tipped_arrow_nightvision.png",
      "item.tipped.arrow.poison": "images/items/tipped_arrow_poison.png",
      "item.tipped.arrow.regen": "images/items/tipped_arrow_regen.png",
      "item.tipped.arrow.slow": "images/items/tipped_arrow_slow.png",
      "item.tipped.arrow.strength": "images/items/tipped_arrow_strength.png",
      "item.tipped.arrow.swift": "images/items/tipped_arrow_swift.png",
      "item.tipped.arrow.waterbreathing": "images/items/tipped_arrow_waterbreathing.png",
      "item.tipped.arrow.weakness": "images/items/tipped_arrow_weakness.png",
      "item.wheat": "images/items/wheat.png",
      "item.wood.axe": "images/items/wood_axe.png",
      "item.wood.hoe": "images/items/wood_hoe.png",
      "item.wood.pickaxe": "images/items/wood_pickaxe.png",
      "item.wood.shovel": "images/items/wood_shovel.png",
      "item.wood.sword": "images/items/wood_sword.png"
    },
    "metas": {
      "atlas.items.meta": "images/item_texture.json",
      "atlas.terrain.meta": "images/terrain_texture.json",
	  "block.graphics.meta": "blocks.json",
	  "item.server.meta": "items.json"
    }
  }
}